id;guid;note;created_by;created_date;last_modified_by;last_modified_date;record_status_id
1;connecting index Metal;transparent;International SMS;2021-07-27T10:45:31;ivory primary;2021-07-26T20:30:13;52365
2;withdrawal;copying scale infrastructure;innovate Towels;2021-07-26T14:16:45;eyeballs gold;2021-07-27T02:52:54;181
3;Practical SMTP transmitter;reboot Frozen;Oklahoma;2021-07-26T19:39:25;Steel;2021-07-26T13:56:39;2785
4;Ergonomic;Direct Iraqi;Senior;2021-07-26T21:36:33;mobile Wooden;2021-07-27T06:00:35;98195
5;blockchains fuchsia communities;e-enable USB;emulation orange deposit;2021-07-27T02:43:59;solutions payment;2021-07-26T16:41:12;46580
6;Alaska;contextually-based system-worthy Buckinghamshire;backing payment alarm;2021-07-26T17:43:34;executive Fresh;2021-07-27T02:07:13;41617
7;Guinea;deposit collaborative;invoice;2021-07-27T05:21:56;Savings Riel Balanced;2021-07-26T13:38:42;8595
8;Gorgeous override;Union;Swedish paradigms Mills;2021-07-26T21:23:34;redefine primary multi-byte;2021-07-26T12:59:40;27889
9;bluetooth Strategist Centers;reserved;reciprocal;2021-07-26T13:57:52;Coordinator;2021-07-26T22:43:57;86042
10;Awesome Beauty;Mississippi;Rhode;2021-07-27T05:15:25;networks;2021-07-27T11:11:03;32542
