id;value;created_by;created_date;last_modified_by;last_modified_date;record_status_id
1;Solutions Wooden;Borders violet feed;2021-07-26T05:01:14;Quality-focused index FTP;2021-07-26T07:39:07;10780
2;Fish Computer;Indiana;2021-07-26T09:00:47;Operations;2021-07-26T09:22:21;47950
3;Direct Implementation Nakfa;Outdoors Brand Creative;2021-07-26T14:41:06;online;2021-07-26T03:54:50;56322
4;Avon Regional Nebraska;Ergonomic;2021-07-26T19:09:43;Global responsive Internal;2021-07-26T12:08:22;1288
5;interface synthesize;hacking;2021-07-26T12:12:13;Bermudian Table;2021-07-26T11:51:59;57
6;Benin white;Peso;2021-07-26T16:20:39;Savings;2021-07-26T15:30:07;53748
7;Intelligent Towels;Litas monetize Extended;2021-07-26T11:26:01;Steel ROI;2021-07-26T10:26:27;17164
8;Facilitator deposit bypass;Accounts indexing;2021-07-26T08:36:57;AGP Cambridgeshire;2021-07-26T04:12:03;50060
9;eyeballs hack Handcrafted;synthesize;2021-07-26T11:03:35;Metal Direct;2021-07-26T12:25:18;49625
10;model;Tools Security Interactions;2021-07-26T09:40:36;Movies District;2021-07-26T15:30:53;92252
